<?xml version="1.0" encoding="UTF-8" ?>
<!DOCTYPE mapper PUBLIC "-//mybatis.org//DTD Mapper 3.0//EN" "http://mybatis.org/dtd/mybatis-3-mapper.dtd" >
<mapper namespace="com.cjcc.ips.mobile.login.dao.IpsLoginInfoMapper" >
  <resultMap id="BaseResultMap" type="com.fctech.manager.dao.User" >
    <!--
      WARNING - @mbggenerated
      This element is automatically generated by MyBatis Generator, do not modify.
      This element was generated on Wed Dec 18 11:58:18 CST 2013.
    -->
    <result column="login_id" property="loginId" jdbcType="DECIMAL" />
    <result column="user_id" property="userId" jdbcType="DECIMAL" />
    <result column="login_status" property="loginStatus" jdbcType="CHAR" />
    <result column="last_login_time" property="lastLoginTime" jdbcType="TIMESTAMP" />
  </resultMap>
  <sql id="Example_Where_Clause" >
    <!--
      WARNING - @mbggenerated
      This element is automatically generated by MyBatis Generator, do not modify.
      This element was generated on Wed Dec 18 11:58:18 CST 2013.
    -->
    <where >
      <foreach collection="oredCriteria" item="criteria" separator="or" >
        <if test="criteria.valid" >
          <trim prefix="(" suffix=")" prefixOverrides="and" >
            <foreach collection="criteria.criteria" item="criterion" >
              <choose >
                <when test="criterion.noValue" >
                  and ${criterion.condition}
                </when>
                <when test="criterion.singleValue" >
                  and ${criterion.condition} #{criterion.value}
                </when>
                <when test="criterion.betweenValue" >
                  and ${criterion.condition} #{criterion.value} and #{criterion.secondValue}
                </when>
                <when test="criterion.listValue" >
                  and ${criterion.condition}
                  <foreach collection="criterion.value" item="listItem" open="(" close=")" separator="," >
                    #{listItem}
                  </foreach>
                </when>
              </choose>
            </foreach>
          </trim>
        </if>
      </foreach>
    </where>
  </sql>
  <sql id="Update_By_Example_Where_Clause" >
    <!--
      WARNING - @mbggenerated
      This element is automatically generated by MyBatis Generator, do not modify.
      This element was generated on Wed Dec 18 11:58:18 CST 2013.
    -->
    <where >
      <foreach collection="example.oredCriteria" item="criteria" separator="or" >
        <if test="criteria.valid" >
          <trim prefix="(" suffix=")" prefixOverrides="and" >
            <foreach collection="criteria.criteria" item="criterion" >
              <choose >
                <when test="criterion.noValue" >
                  and ${criterion.condition}
                </when>
                <when test="criterion.singleValue" >
                  and ${criterion.condition} #{criterion.value}
                </when>
                <when test="criterion.betweenValue" >
                  and ${criterion.condition} #{criterion.value} and #{criterion.secondValue}
                </when>
                <when test="criterion.listValue" >
                  and ${criterion.condition}
                  <foreach collection="criterion.value" item="listItem" open="(" close=")" separator="," >
                    #{listItem}
                  </foreach>
                </when>
              </choose>
            </foreach>
          </trim>
        </if>
      </foreach>
    </where>
  </sql>
  <sql id="Base_Column_List" >
    <!--
      WARNING - @mbggenerated
      This element is automatically generated by MyBatis Generator, do not modify.
      This element was generated on Wed Dec 18 11:58:18 CST 2013.
    -->
    login_id, user_id, login_status, last_login_time
  </sql>
  <select id="selectByExample" resultMap="BaseResultMap" parameterType="com.cjcc.ips.mobile.login.domain.IpsLoginInfoExample" >
    <!--
      WARNING - @mbggenerated
      This element is automatically generated by MyBatis Generator, do not modify.
      This element was generated on Wed Dec 18 11:58:18 CST 2013.
    -->
    select
    <if test="distinct" >
      distinct
    </if>
    <include refid="Base_Column_List" />
    from ips_login_info
    <if test="_parameter != null" >
      <include refid="Example_Where_Clause" />
    </if>
    <if test="orderByClause != null" >
      order by ${orderByClause}
    </if>
  </select>
  <delete id="deleteByExample" parameterType="com.cjcc.ips.mobile.login.domain.IpsLoginInfoExample" >
    <!--
      WARNING - @mbggenerated
      This element is automatically generated by MyBatis Generator, do not modify.
      This element was generated on Wed Dec 18 11:58:18 CST 2013.
    -->
    delete from ips_login_info
    <if test="_parameter != null" >
      <include refid="Example_Where_Clause" />
    </if>
  </delete>
  <insert id="insert" parameterType="com.cjcc.ips.mobile.login.domain.IpsLoginInfo" >
    <!--
      WARNING - @mbggenerated
      This element is automatically generated by MyBatis Generator, do not modify.
      This element was generated on Wed Dec 18 11:58:18 CST 2013.
    -->
    insert into ips_login_info (login_id, user_id, login_status, 
      last_login_time)
    values (#{loginId,jdbcType=DECIMAL}, #{userId,jdbcType=DECIMAL}, #{loginStatus,jdbcType=CHAR}, 
      #{lastLoginTime,jdbcType=TIMESTAMP})
  </insert>
  <insert id="insertSelective" parameterType="com.cjcc.ips.mobile.login.domain.IpsLoginInfo" >
    <!--
      WARNING - @mbggenerated
      This element is automatically generated by MyBatis Generator, do not modify.
      This element was generated on Wed Dec 18 11:58:18 CST 2013.
    -->
    insert into ips_login_info
    <trim prefix="(" suffix=")" suffixOverrides="," >
      <if test="loginId != null" >
        login_id,
      </if>
      <if test="userId != null" >
        user_id,
      </if>
      <if test="loginStatus != null" >
        login_status,
      </if>
      <if test="lastLoginTime != null" >
        last_login_time,
      </if>
    </trim>
    <trim prefix="values (" suffix=")" suffixOverrides="," >
      <if test="loginId != null" >
        #{loginId,jdbcType=DECIMAL},
      </if>
      <if test="userId != null" >
        #{userId,jdbcType=DECIMAL},
      </if>
      <if test="loginStatus != null" >
        #{loginStatus,jdbcType=CHAR},
      </if>
      <if test="lastLoginTime != null" >
        #{lastLoginTime,jdbcType=TIMESTAMP},
      </if>
    </trim>
  </insert>
  <select id="countByExample" parameterType="com.cjcc.ips.mobile.login.domain.IpsLoginInfoExample" resultType="java.lang.Integer" >
    <!--
      WARNING - @mbggenerated
      This element is automatically generated by MyBatis Generator, do not modify.
      This element was generated on Wed Dec 18 11:58:18 CST 2013.
    -->
    select count(*) from ips_login_info
    <if test="_parameter != null" >
      <include refid="Example_Where_Clause" />
    </if>
  </select>
  <update id="updateByExampleSelective" parameterType="map" >
    <!--
      WARNING - @mbggenerated
      This element is automatically generated by MyBatis Generator, do not modify.
      This element was generated on Wed Dec 18 11:58:18 CST 2013.
    -->
    update ips_login_info
    <set >
      <if test="record.loginId != null" >
        login_id = #{record.loginId,jdbcType=DECIMAL},
      </if>
      <if test="record.userId != null" >
        user_id = #{record.userId,jdbcType=DECIMAL},
      </if>
      <if test="record.loginStatus != null" >
        login_status = #{record.loginStatus,jdbcType=CHAR},
      </if>
      <if test="record.lastLoginTime != null" >
        last_login_time = #{record.lastLoginTime,jdbcType=TIMESTAMP},
      </if>
    </set>
    <if test="_parameter != null" >
      <include refid="Update_By_Example_Where_Clause" />
    </if>
  </update>
  <update id="updateByExample" parameterType="map" >
    <!--
      WARNING - @mbggenerated
      This element is automatically generated by MyBatis Generator, do not modify.
      This element was generated on Wed Dec 18 11:58:18 CST 2013.
    -->
    update ips_login_info
    set login_id = #{record.loginId,jdbcType=DECIMAL},
      user_id = #{record.userId,jdbcType=DECIMAL},
      login_status = #{record.loginStatus,jdbcType=CHAR},
      last_login_time = #{record.lastLoginTime,jdbcType=TIMESTAMP}
    <if test="_parameter != null" >
      <include refid="Update_By_Example_Where_Clause" />
    </if>
  </update>
</mapper>