<?xml version="1.0" encoding="UTF-8"?>
<beans xmlns="http://www.springframework.org/schema/beans"
       xmlns:xsi="http://www.w3.org/2001/XMLSchema-instance" xmlns:p="http://www.springframework.org/schema/p"
       xmlns:context="http://www.springframework.org/schema/context"
       xmlns:mvc="http://www.springframework.org/schema/mvc"
       xsi:schemaLocation="
	     http://www.springframework.org/schema/beans 
	     http://www.springframework.org/schema/beans/spring-beans-3.0.xsd
	     http://www.springframework.org/schema/context 
	     http://www.springframework.org/schema/context/spring-context-3.0.xsd
	     http://www.springframework.org/schema/mvc
	     http://www.springframework.org/schema/mvc/spring-mvc-3.0.xsd"
       default-lazy-init="true">

    <!-- <bean class="org.springframework.beans.factory.config.PropertyPlaceholderConfigurer">
        <property name="locations"> <bean class="com.juzhai.core.SystemConfig"> <property
        name="locations"> <list> <value>classpath:properties/variable.properties</value>
        </list> </property> </bean> </property> <property name="fileEncoding" value="UTF-8"
        /> </bean> -->

    <mvc:annotation-driven/>
    <mvc:resources location="/resources/" mapping="/resources/**"/>

    <context:component-scan base-package="com.fctech.manager.controller.*"/>

    <bean id="viewResolver"
          class="org.springframework.web.servlet.view.InternalResourceViewResolver">
        <property name="viewClass"
                  value="org.springframework.web.servlet.view.JstlView"/>
        <property name="prefix" value="/WEB-INF/view/"/>
        <property name="suffix" value=".jsp"/>
    </bean>

    <bean id="multipartResolver"
          class="org.springframework.web.multipart.commons.CommonsMultipartResolver"/>

    <bean id="paraMethodResolver"
          class="org.springframework.web.servlet.mvc.multiaction.ParameterMethodNameResolver">
        <property name="paramName" value="method"/>
    </bean>

    <!-- 返回数据类型 json 转换  -->
    <bean
            class="org.springframework.web.servlet.mvc.method.annotation.RequestMappingHandlerMapping">
    </bean>
    <bean
            class="org.springframework.web.servlet.mvc.method.annotation.RequestMappingHandlerAdapter"
            p:ignoreDefaultModelOnRedirect="true">
        <property name="messageConverters">
            <list>
                <bean
                        class="org.springframework.http.converter.json.MappingJackson2HttpMessageConverter"/>
            </list>
        </property>
    </bean>
</beans>